<?xml version="1.0" encoding="UTF-8"?>
<project-private xmlns="http://www.netbeans.org/ns/project-private/1">
    <editor-bookmarks xmlns="http://www.netbeans.org/ns/editor-bookmarks/2" lastBookmarkId="0"/>
    <open-files xmlns="http://www.netbeans.org/ns/projectui-open-files/2">
        <group>
            <file>file:/C:/Users/subje/Documents/NetBeansProjects/LAB3EDD2/src/Models/Cliente.java</file>
            <file>file:/C:/Users/subje/Documents/NetBeansProjects/LAB3EDD2/src/Models/Ordenamientos.java</file>
            <file>file:/C:/Users/subje/Documents/NetBeansProjects/LAB3EDD2/src/Models/Worker0.java</file>
            <file>file:/C:/Users/subje/Documents/NetBeansProjects/LAB3EDD2/src/Models/Worker1.java</file>
        </group>
    </open-files>
</project-private>
